Dietas,Vegana
Dietas,Vegetariana
Dietas,Frugívora
Dietas,Ovolácteovegetarianismo
Dietas,Ovogetarianismo
Dietas,Lactovegetarianismo
Ingredientes,Patata,patatas
Ingredientes,limón,limones,cítricos
Ingredientes,queso
Ingredientes,tomate
Ingredientes,lechuga
Ingredientes,pollo
Ingredientes,jamon
Intolerancias,gluten,celiaco,celiaquía,trigo,malta,cebada,centeno
Intolerancias,leche,lactosa,proteína de la leche
Intolerancias,frutos secos
Intolerancias,cacahuete
Intolerancias,almendra
Intolerancias,marisco,gambas
Intolerancias,huevo,clara del huevo,clara,yema,yema del huevo
